Timestamp,Iteration,Repetition,step,field_mean (Tm),field_std,tension (g),current (A),P0_xa (mm),P0_xb (mm),P0_ya (mm),P0_yb (mm),P1_xa (mm),P1_xb (mm),P1_ya (mm),P1_yb (mm),P2_xa (mm),P2_xb (mm),P2_ya (mm),P2_yb (mm),P3_xa (mm),P3_xb (mm),P3_ya (mm),P3_yb (mm),P4_xa (mm),P4_xb (mm),P4_ya (mm),P4_yb (mm),raw_data_idx
20241004_142959,1,1,5,0.002319087355848523,0.0001105539002940294,1113.960289894525,25.02308547399239,195.00004665,195.00000628,-75.00000971,-75.00001643000002,195.00002225,194.99993788,-70.00002591000001,-70.00001103,195.00000765,195.00007468,-79.99992310999997,-79.99995293000001,194.99994905,194.99994768,-70.00010411000002,-70.00001103,195.00008085,195.00006488,-74.99997061000002,-75.00003103,118
20241004_143017,1,2,5,0.002519763793611307,3.145991801127678e-05,1113.804448284433,25.02005082309494,195.00005645,195.00005998,-75.00000480999998,-75.00004573000001,194.99999295,194.99996228,-70.00008450999999,-70.00000612999997,195.00000765,194.99999648,-80.00005981000001,-80.00000173000001,194.99999295,195.00004048,-70.00000641,-69.99995243000001,194.99997835,194.99997208,-75.00005851,-75.00003103,119
20241004_143035,1,3,5,0.002211882783549589,0.000473064605319194,1113.942535787045,25.04610362389189,194.99997345,194.99997208,-74.99999991000001,-75.00003103,194.99999295,194.99996718,-70.00006011000002,-69.99999643000001,195.00000275,194.99996228,-80.00003540999998,-79.99998712999997,195.00005645,194.99999648,-69.99997711,-69.99995243000001,194.99995395,194.99998188,-75.00003410999997,-74.99999693000001,120
20241004_143055,1,1,5,0.002378379883720898,0.0001928081263210651,1113.942535787045,25.01798467780007,195.00000765,195.00001118,-64.99991480999998,-64.99997992999999,194.99998325,195.00007468,-60.00001431000001,-59.99995312999999,194.99999295,194.99996718,-70.00000641,-70.00002082999998,194.99999785,194.99996718,-60.00005831000001,-59.99998733000001,195.00000275,194.99999158,-65.00006131000001,-65.00004832999997,121
20241004_143113,1,2,5,0.002373802817344453,0.0001181881154174792,1113.974098644785,25.01533742914415,194.99998815,195.00003068,-65.00001251,-65.00001902999998,195.00002715,195.00006978,-60.00000460999999,-59.99996783,194.99998815,195.00005508,-70.00007480999997,-70.00002562999998,195.00005645,194.99998188,-60.00002411,-59.99999713,195.00000765,195.00000138,-64.99998801000001,-65.00007273,122
20241004_143131,1,3,5,0.001904179630227772,0.0001993873834468403,1114.047087753309,25.02902564170743,194.99997835,194.99993308,-65.00005640999998,-64.99999952999997,195.00000765,194.99995258,-59.99995091000002,-60.00000202999996,194.99995885,195.00001118,-70.00001620999998,-69.99998662999997,195.00005155,195.00004528,-60.00000940999999,-59.99997272999997,194.99998815,195.00000628,-65.00002710999999,-64.99996042999999,123
20241004_143151,1,1,5,0.001428210935682095,0.0001883594982485605,1114.445568832276,25.03874298128711,194.99998815,195.00002088,-54.99986580999999,-54.99991833000001,194.99998325,195.00000628,-50.00002939999999,-49.99996182999996,194.99996365,195.00004528,-60.00009250999997,-59.99998733000001,195.00005645,194.99998678,-49.99999521999999,-50.00000573,194.99997345,194.99998678,-55.00001711000002,-55.00000132999998,124
20241004_143209,1,2,5,0.001522932403940012,0.0004064109454412798,1114.143749005138,25.02211696838568,195.00004185,194.99999648,-54.99995370999997,-55.00000132999998,195.00000275,195.00003068,-50.00000986999999,-49.99997152999998,194.99999295,195.00001118,-60.00005340999999,-59.99997752999997,194.99995885,195.00000138,-50.00000011,-49.99997152999998,195.00004185,194.99997698,-54.99995850999997,-55.00000132999998,125
20241004_143227,1,3,5,0.001579497765875961,0.0004642202037481269,1114.0451150747,25.03538549514954,195.00005155,195.00000138,-54.99999270999999,-55.00000623,194.99998815,194.99995258,-50.00001963,-49.99999602999998,194.99997345,195.00005998,-60.00004850999997,-59.99998242999999,194.99999785,194.99997208,-50.00004404999999,-49.99996182999996,195.00003695,194.99998188,-55.00003670999999,-54.99999643000001,126
20241004_143247,1,1,5,0.0020044475257367,0.0003209221711930396,1114.037224360266,25.03515951054415,194.99997345,195.00002578,-45.00004648999999,-44.99998564999999,194.99999295,195.00000138,-40.00002918999999,-39.99997995999999,194.99995395,195.00002088,-50.00001474999999,-49.99999113000001,194.99998815,195.00000138,-40.00003408000001,-39.99997506999998,194.99998815,194.99994278,-44.99998300999999,-45.00000029999998,127
20241004_143305,1,2,5,0.001432710449155512,0.0002872351862001644,1114.106268111572,25.01863034820342,194.99997835,194.99995258,-45.00002695999999,-45.00000029999998,194.99996365,195.00001608,-39.99991201,-40.00000925999998,194.99995395,194.99998188,-50.00002939999999,-49.99998132999997,195.00002225,195.00001118,-39.99999013999999,-39.99999948999999,195.00003205,194.99997208,-45.00005136999999,-45.00002472,128
20241004_143323,1,3,5,0.001102605716025804,0.0009839121811500244,1114.169393827051,25.03735478991948,194.99999295,194.99999648,-45.00004648999999,-45.00001983999999,195.00003205,194.99998678,-40.00002918999999,-39.99997506999998,195.00001745,195.00007948,-50.00001963,-49.99999113000001,195.00003205,195.00001608,-40.00006338,-39.99996042999999,194.99998815,195.00001118,-44.99994394999999,-45.00000029999998,129
20241004_143344,1,1,5,0.001190684063789222,0.0006413546574179546,1114.13980364792,25.04742724821345,194.99989045,194.99995748,-35.00002258000001,-34.99992893999999,195.00004665,195.00001608,-29.99998728,-29.99999989999998,194.99998325,194.99998678,-40.00005361000001,-39.99998484,195.00004185,195.00001608,-30.00004587000001,-29.99996084,195.00002715,194.99999648,-34.99998352,-35.00006077999998,130
20241004_143401,1,2,5,0.0003548834725289207,0.0005888172427949216,1112.715529692404,25.03603116558828,194.99999785,194.99998678,-35.00012024,-34.99999241999998,194.99993925,194.99998678,-29.99999704999999,-29.99996084,194.99993925,194.99996228,-40.00004383999999,-40.00000437,195.00000275,194.99999158,-29.99997751999999,-30.00000965999999,195.00001745,194.99997208,-34.99999817,-35.00002171999998,131
20241004_143419,1,3,5,0.000518885149079791,0.0003237772920391336,1113.374404347725,25.02185870022312,195.00002225,194.99997698,-35.0000177,-35.00002171999998,195.00000765,195.00000628,-30.00000682000001,-29.99996571999998,195.00000275,194.99999648,-40.00002918999999,-39.99998972,194.99993925,195.00000138,-30.00001657999999,-29.99996571999998,195.00003695,194.99996718,-34.99996399,-34.99997776999999,132
20241004_143440,1,1,5,0.0005727594556751427,9.600009469136563e-06,1114.122049540441,25.02812170314064,194.99988555,194.99991348,-24.99995992000001,-24.99997252999998,194.99999785,194.99999158,-19.99996389,-19.99995268999999,194.99992955,195.00002578,-29.99999216999998,-29.99999500999999,194.99996365,194.99994278,-19.99999317999999,-19.99998687999999,194.99993435,194.99993308,-24.99999410000001,-24.99998228999999,133
20241004_143457,1,2,5,0.0007175444757414585,0.0003355604744032623,1114.047087753309,25.02686264585431,194.99992955,194.99995748,-24.99993551,-24.99999695,194.99997835,195.00001118,-19.99992971,-19.99999663999998,194.99996365,194.99997698,-29.99999216999998,-29.99998036,194.99993435,194.99993788,-20.00001270999999,-19.99997223,195.00001255,195.00000628,-25.00001852,-25.00000183,134
20241004_143515,1,3,5,0.0009807534078660907,0.0001009849089995249,1114.289727222185,25.02479650056258,195.00001255,194.99998678,-25.00000387,-24.99998228999999,194.99993925,194.99998188,-19.99991994999999,-19.99996245999998,194.99998325,194.99992818,-29.99997751999999,-30.00000477999998,194.99998815,195.00000628,-19.99994924000001,-20.00000151999998,195.00000765,194.99999158,-25.00001362999998,-25.00002624999999,135
20241004_143536,1,1,5,-0.0004596911403340634,0.0001376441874986178,1114.064841860788,25.03877526480639,194.99997345,194.99995748,-15.00001896999999,-14.99997389999999,194.99998325,194.99999648,-10.00005644999999,-9.999972630000002,194.99999785,195.00001118,-19.99999806,-19.99999663999998,194.99999785,194.99998678,-10.00005157000001,-9.99996286999999,195.00000275,194.99994278,-14.99997991000001,-15.00003249999997,136
20241004_143554,1,2,5,0.0007666346226271137,8.470734096204996e-05,1114.114158826007,25.01130198909809,195.00001745,194.99998188,-14.99998478999998,-15.00003249999997,194.99999785,195.00003068,-10.00002228,-9.999992169999985,194.99999785,194.99993788,-19.99995411999998,-20.00000151999998,194.99999295,194.99999648,-9.999958800000002,-9.999987279999999,194.99999295,194.99998678,-15.00002384999999,-15.00000319999998,137
20241004_143611,1,3,5,-6.445882866955212e-05,0.0005165905273377026,1114.374552402362,25.02821855370308,195.00001745,194.99997698,-15.00000431999999,-14.99999831999997,195.00000275,194.99999158,-9.999968569999993,-9.999992169999985,195.00003205,195.00002578,-19.99998342000001,-19.99998198999998,194.99998815,195.00000628,-9.999968569999993,-9.999967749999996,194.99995395,194.99994768,-15.00000431999999,-14.99997879,138
20241004_143632,1,1,5,-0.0004456667342325995,0.0003588813369497287,1114.402169902884,25.02398941255727,194.99997345,195.00000138,-4.999983159999999,-4.999986319999977,194.99998815,194.99998678,-6.560000002764355e-06,3.606000001354914e-05,194.99993435,195.00003068,-9.999963680000008,-9.99999704999999,194.99997835,194.99998188,-1.679999996895276e-06,-1.275999997574218e-05,194.99998325,194.99994768,-5.000031989999997,-5.000025379999983,139
20241004_143650,1,2,5,-5.43874008945188e-05,4.45264071772536e-05,1113.808393641651,25.02169728262393,195.00000275,195.00001608,-5.000046639999994,-5.000035139999994,194.99999785,195.00001118,-1.144999998814455e-05,1.165000000469263e-05,194.99998815,194.99999158,-9.999988099999996,-9.999992169999985,194.99996365,194.99998188,-2.120999999988271e-05,4.583000000479842e-05,195.00000275,194.99999158,-5.000022229999985,-5.000035139999994,140
20241004_143707,1,3,5,0.0004957383024799103,0.0001885647002438756,1114.193065970357,25.03254454540878,194.99998325,194.99999158,-5.000046639999994,-5.000015609999991,194.99994905,195.00000628,-1.144999998814455e-05,4.583000000479842e-05,194.99999295,195.00000138,-9.999968569999993,-10.00000681,194.99996365,194.99995258,-1.144999998814455e-05,1.654000001849454e-05,195.00001255,195.00000138,-5.000022229999985,-5.000000970000002,141
20241004_143728,1,1,5,0.0001871494747961174,9.647090079742125e-05,1114.238437578358,25.01717758979667,195.00005645,195.00000628,5.000005799999997,5.000035510000004,195.00003695,195.00000138,9.999992579999997,10.00004670000001,195.00000275,194.99999158,-2.120999999988271e-05,1.890000021376181e-06,195.00002225,195.00001608,9.999987690000012,10.00003205000002,194.99994905,194.99999648,4.999976500000002,4.999981790000021,142
20241004_143746,1,2,5,-0.0004379764943121902,0.0007184092219836946,1114.197011327574,25.00694371389349,195.00002225,195.00000138,4.999986269999994,4.999972030000009,194.99999295,195.00000138,9.999992579999997,10.00000763,195.00004185,195.00001118,-2.120999999988271e-05,1.890000021376181e-06,194.99997835,195.00000138,9.999997460000003,10.00000763,195.00001255,195.00001608,4.999986269999994,4.999991560000012,143
20241004_143804,1,3,5,-0.001058416150270173,2.906021774324001e-05,1114.70793508724,25.0323508442884,194.99998815,194.99998678,4.99999115,4.999986669999998,194.99990505,195.00000628,9.999987690000012,10.00001251,195.00001255,194.99998678,-2.609000000575179e-05,1.890000021376181e-06,195.00004665,195.00003558,9.999997460000003,10.00000763,194.99999785,194.99995748,5.000000910000011,5.000011090000015,144
20241004_143824,1,1,5,-0.0001360220450256072,0.0006563803608458182,1115.124170273686,25.03499809294467,195.00005645,195.00000628,15.00009242000002,15.00000758000002,194.99987575,194.99994768,19.99997268999999,20.00002381000002,195.00002715,194.99998678,9.999973040000015,10.00000763,194.99997345,195.00005018,20.00003616000001,20.00006287000002,195.00006135,195.00001118,14.99997522999999,15.00002712,145
20241004_143842,1,2,5,-0.0006605011569595016,0.0002897859010701755,1114.222656149488,25.02279492230813,195.00011015,195.00000628,14.99996057999999,15.00000758000002,195.00007115,195.00000138,19.9999971,19.99997498000002,194.99995885,195.00004528,9.999973040000015,10.00000763,195.00004665,195.00002578,19.99998733999999,20.00000428000001,195.00000275,195.00001608,14.99998011,15.00004176000002,146
20241004_143900,1,3,5,-0.0002829213225768741,4.156064286412513e-05,1114.417951331754,25.01972798789262,195.00001255,195.00001608,14.99997522999999,15.00004664000002,194.99994415,194.99998188,19.99997757,19.99999451000002,195.00000275,195.00001118,9.999958389999989,10.00002717000001,194.99999785,195.00000628,19.99998733999999,19.99995545000002,195.00004185,195.00001118,14.99998011,14.99998805000001,147
20241004_143920,1,1,5,-0.001416360656750163,0.0002663294924201794,1114.275918471924,25.02453823240142,194.99997835,194.99993788,25.00001791,24.99997691000002,195.00003205,195.00005508,30.00002986000001,30.00004283000001,195.00004665,194.99999158,19.99996780000001,19.99998474,195.00000275,195.00002088,29.99995661,29.99996959000001,194.99997835,194.99998188,24.99996908,24.99997691000002,148
20241004_143938,1,2,5,-0.001609618357898891,0.0004978156877905076,1114.307481329664,25.02747603273698,195.00002225,195.00000138,24.99997396000001,24.99998179000002,195.00000275,195.00005018,29.99999080000001,29.99997447000001,195.00004185,194.99996228,19.99997268999999,20.00004822000002,195.00002715,195.00005508,30.00003963,30.00002330000001,194.99998815,194.99998188,24.99995443,25.00005015000002,149
20241004_143956,1,3,5,-0.0007426081679883868,0.0008332213694477271,1114.605355799585,25.03186659148627,195.00002225,195.00001118,24.99995443,25.00005015000002,194.99998815,195.00001118,29.99998592,29.99999401000002,195.00003695,194.99996718,19.99995315999999,19.99998474,195.00003695,195.00006978,29.99998592,30.00002330000001,195.00008085,195.00000628,25.00000324999999,24.99999644000002,150
20241004_144016,1,1,5,-0.001391920016826335,0.0002393631085105709,1114.214765435053,25.01556341378717,195.00005155,195.00004528,34.99999675000001,35.00001196000002,195.00001745,194.99998678,39.99999258,40.00000702,194.99998815,194.99997208,29.99994685000001,30.0000526,195.00001255,195.00004048,40.00000722999999,40.00001191000001,195.00001255,195.00002088,34.99997232999999,35.00001196000002,151
20241004_144034,1,2,5,-0.001424945740501487,0.0003033646827768282,1114.431760082015,25.02292405639043,195.00002715,195.00001118,34.99997721,35.00001684,194.99999785,195.00002088,40.00000722999999,40.00002167000002,194.99989535,194.99997208,30.00002497,29.99997936000003,195.00004665,195.00004048,39.99998769999999,40.00002167000002,194.99997345,194.99997698,34.99998210000001,35.00002172000001,152
20241004_144052,1,3,5,-0.001327256593412962,1.006906318349438e-05,1114.309454008273,25.0252484698456,195.00000765,194.99996718,34.99997721,35.00002661000002,194.99997345,194.99996228,40.00001211,39.99995331000002,194.99999785,195.00001608,30.00001032,29.99997447000001,195.00006135,195.00001608,39.99998281000001,39.99995820000001,195.00000275,195.00002578,34.99999185999999,35.00005102,153
20241004_144112,1,1,5,-0.001460544876918882,0.0001457094686854911,1114.230546863923,25.02650752713127,194.99995885,195.00000628,45.00002234000002,45.00005997000002,195.00000275,195.00002088,49.99997976,50.00002310000002,194.99992465,195.00001608,39.99995838999999,40.00000702,195.00000765,194.99999648,49.99999929000001,50.00000356000001,195.00003205,195.00000628,44.99997350000001,45.00005021000001,154
20241004_144130,1,2,5,-0.002079863081088442,4.589999954738906e-06,1114.189120613139,25.02644296009334,194.99998815,195.00002578,44.99995398000002,44.99999649,194.99993925,194.99998188,49.99999441,50.00002798,195.00003695,195.00004048,39.99995838999999,39.99999237,195.00002715,194.99997698,50.00005300000001,50.00007192000001,194.99989045,195.00003558,44.99999792,44.99999649,155
20241004_144148,1,3,5,-0.001873939259345541,6.19026976467801e-05,1114.236464899749,25.03567604684958,194.99992955,195.00003068,45.00000768000001,45.00002579000002,195.00006135,195.00005018,50.00000906,50.00005240000002,194.99996855,195.00000138,39.99996328,40.00003632000002,195.00004185,195.00007468,50.00003835000001,50.00000845000002,195.00005645,194.99998188,45.0000028,45.00003556000001,156
20241004_144208,1,1,5,-0.002324627541863681,0.0001450455776515615,1114.195038648965,25.01275474752756,194.99995885,195.00004528,55.00005331,55.00007239000001,195.00003695,195.00001118,59.99999156000001,60.00002844000002,195.00002225,194.99999158,49.99997976,50.00001333,194.99998815,195.00001608,59.99999156000001,59.99999426000002,195.00001745,194.99999158,55.00000936000001,54.99997961000003,157
20241004_144226,1,2,5,-0.002513449417638701,0.0003292544705651871,1113.865601321304,25.02189098374406,195.00001745,195.00000138,55.00000936000001,54.99997961000003,194.99999785,195.00001118,59.99999643999999,60.00002355000001,195.00003205,195.00001118,49.99996023,49.9999938,195.00002715,194.99999158,59.99998668000001,60.00000891000002,195.00004185,194.99998678,54.99998006999999,55.00002355000001,158
20241004_144244,1,3,5,-0.001878671873359956,0.000237643524401276,1114.240410256966,25.02350515975484,195.00002225,194.99997208,54.99999471999999,55.00002355000001,195.00003695,195.00004048,60.00000132,60.00001379000003,195.00002715,194.99998188,50.00000906,50.00002310000002,195.00000765,195.00001608,60.00000132,60.00002844000002,195.00001255,194.99998678,54.99998006999999,55.00000891000002,159
20241004_144304,1,1,5,-0.002374600766279226,5.646054353917435e-05,1114.911120983941,25.03770990864016,195.00001255,195.00002578,65.00000652,65.00003983000002,195.00008085,194.99999648,69.99999187,70.00006974000001,194.99994415,195.00001608,59.99994760999999,59.99999426000002,195.00002715,194.99998188,69.99997232999999,70.0000258,194.99999295,195.00001608,65.00004068999999,64.99997147000002,160
20241004_144322,1,2,5,-0.002840000278790804,0.0006384969192059332,1114.305508651055,25.03135005516402,195.00002225,195.00000138,64.99999187,64.99994218000001,195.00006135,195.00003558,70.00000163000001,70.00001115000001,195.00000765,194.99999158,60.00000621000001,60.00005774000002,194.99997345,194.99997698,69.99999675000001,69.99998185000001,194.99999295,195.00004048,64.99994792000001,65.00001542000001,161
20241004_144340,1,3,5,-0.002949988134491744,0.0002471042475882086,1114.137830969312,25.03609573262921,195.00000765,195.00005018,64.99995281,65.00000077000001,195.00010525,195.00000138,69.99997232999999,70.00000138000001,194.99999295,195.00002578,59.99997203000001,60.00003820000001,195.00006135,195.00000628,69.99998210000001,70.00001603000001,194.99997345,194.99997698,64.99998210000001,64.99999100000002,162
20241004_144400,1,1,5,-0.002571007061176219,0.000598518088331408,1114.15558507679,25.04045400785809,194.99995885,194.99998188,75.00003139,75.00001242000002,194.99999785,195.00000138,79.99999253,80.00001943000001,195.00005155,194.99998188,69.99998697999999,70.00001603000001,194.99999785,195.00003068,79.99999253,79.99999014000002,194.99997835,195.00001608,74.99994838000001,75.00004171,163
20241004_144418,1,2,5,-0.003114436577540265,0.0002717232230152834,1114.206874720618,25.03086580235813,195.00001745,194.99998188,74.99994838000001,75.00005148000002,194.99996855,195.00001608,79.999973,80.00003408000001,195.00004185,195.00001608,69.99997721,69.99997697000001,194.99997835,195.00005998,79.99999741000001,80.00000479000002,195.00002225,195.00001118,74.99994348999999,74.99996359000002,164
20241004_144436,1,3,5,-0.001921015622357062,0.0003664804372417148,1114.200956684792,25.03551462926854,195.00002225,195.00000138,74.99999231999999,74.99995870000001,194.99999295,195.00004048,80.00000718,80.00004385000003,194.99999295,194.99996718,69.99995281,70.00000626000002,195.00005155,194.99999158,79.999973,80.00003408000001,195.00000765,195.00001608,74.99995815,75.00001242000002,165
20241004_152125,1,1,-5,-0.002416977014521681,1.149988734207525e-05,1113.800502927216,25.04197133322732,-194.999972902,-194.999975438,75.00002599000001,74.99996532,-194.999943605,-195.000014501,69.99997848999999,69.99999930000001,-195.000016848,-195.000053564,80.00000300000001,79.99998236000002,-194.999943605,-194.999955907,70.00001755,70.00008718000001,-195.000031496,-194.999990087,74.99997716999999,74.9999995,283
20241004_152143,1,2,-5,-0.00256123405569871,0.0001452297128615132,1113.516437207556,25.04745953167664,-195.000026613,-194.99999497,74.9999674,75.00000438000001,-194.999943605,-194.999985204,70.00001755,69.99996023,-195.000002199,-195.000053564,80.00000300000001,80.00003607000002,-195.000036379,-194.99992661,70.0000029,70.0000823,-195.000016848,-195.000014501,74.99997716999999,75.00003368,284
20241004_152201,1,3,-5,-0.002561203857648649,0.0002872128339339134,1113.569699529992,25.05562726228717,-195.000016848,-194.99999497,74.9999967,75.00001903,-195.000036379,-195.000029149,69.99993455000001,70.00006765000001,-195.000002199,-194.999985204,80.00000789000001,80.00001166000001,-195.000007082,-194.999990087,69.99999314000002,69.99997488000002,-194.999977785,-194.999990087,74.99999181999999,75.00005810000002,285
20241004_152221,1,1,-5,-0.00197666771251202,5.423382936185295e-05,1113.526300600599,25.02902564167822,-195.000007082,-195.000014501,64.99999685,64.99992930000002,-195.00002173,-195.000004735,60.00000595,60.0000115,-194.999982668,-194.999980321,70.00003708,70.00003836000002,-194.999953371,-194.999985204,60.00001571999999,60.0000115,-194.999997316,-195.000014501,64.99999685,64.99999278000001,286
20241004_152239,1,2,-5,-0.002104859130849769,0.0001151182437656762,1113.652552031559,25.0278634349645,-195.000026613,-195.000019384,65.0000115,64.99997326000002,-195.000026613,-194.999990087,59.99998642,59.99998220000001,-194.999958254,-195.000092626,70.00002732000002,69.99997488000002,-195.00002173,-195.000009618,60.00000595,59.99998708000001,-195.000002199,-194.999975438,65.00005544999999,64.99995861000002,287
20241004_152257,1,3,-5,-0.002202802510949636,4.421304380731756e-05,1113.532218636426,25.03147918921945,-195.000002199,-194.999985204,65.00008962000001,64.99996349,-195.00002173,-194.999985204,60.00000107,59.99998708000001,-194.999972902,-195.000029149,70.00000778,69.99991629000002,-195.000036379,-195.000048681,60.00001571999999,59.99998708000001,-194.999992433,-194.999999853,65.00001638000001,65.00009533000002,288
20241004_152317,1,1,-5,-0.001816277126574877,0.0001449385863217108,1113.518409886165,25.03277052995904,-195.000002199,-195.000038915,55.00005387000002,55.00000692,-195.000007082,-194.999985204,49.99999944999999,50.00001104,-195.000041262,-194.999980321,59.9999913,60.00000662000002,-195.000016848,-195.000034032,49.99999456,50.00000616,-195.000026613,-195.000009618,54.99999527,55.00003134000002,289
20241004_152335,1,2,-5,-0.001758687591640446,0.0002706161179291745,1113.510519171729,25.02912249226314,-195.000016848,-195.000014501,54.99993667999999,55.00002645000001,-195.000031496,-195.000009618,49.99998479999999,50.00002081000002,-194.999977785,-195.000024267,60.00003036999999,60.00004080000002,-195.000007082,-195.000009618,49.99999944999999,50.00003057000001,-194.999958254,-195.000077978,54.99999527,54.99999228000001,290
20241004_152353,1,3,-5,-0.001695924306446574,4.833435847484287e-06,1113.469092920946,25.04000203856481,-194.999977785,-195.00008286,55.00000992,54.99992880000002,-195.000036379,-194.999985204,50.00000433,50.00007452,-194.999963137,-195.000024267,59.99999618999999,60.00003591000001,-195.000002199,-194.999999853,49.99998968,50.00006476000001,-194.999958254,-194.999999853,55.0000148,55.00003134000002,291
20241004_152413,1,1,-5,-0.001476591113744726,0.000215599263337997,1113.482901671207,25.0335453344684,-195.000007082,-195.000019384,44.99998794999999,44.99998424,-195.000002199,-195.000009618,39.99994960000001,39.99996059,-195.000011965,-195.000009618,50.00000433,49.99999640000001,-195.000016848,-194.99999497,39.99995448000001,39.99996547000001,-195.000016848,-194.999980321,45.00001237000001,45.00003795000001,292
20241004_152431,1,2,-5,-0.001475711483481191,0.0001586565764905137,1113.30536059642,25.03883983183917,-195.000046144,-194.999975438,44.99999771,45.00004772,-195.000036379,-194.999936376,39.99999843000001,40.00000453000001,-194.999982668,-195.000024267,49.99998479999999,49.99996221000001,-195.000031496,-195.000024267,39.99998866000001,40.00001918000001,-194.99996802,-195.000043798,45.00001237000001,45.0000526,293
20241004_152449,1,3,-5,-0.001440947172085257,0.0002252729562032971,1113.419775955727,25.0350303764518,-195.000002199,-195.000038915,44.99998794999999,45.0000526,-194.999987551,-195.000068212,40.00002284000001,39.99998989000002,-194.999972902,-194.999990087,49.99999944999999,50.00003546000002,-195.000016848,-195.000004735,39.99996424,40.00000453000001,-194.999972902,-194.999965673,44.99999771,45.00004283000001,294
20241004_152509,1,1,-5,-0.001010209142638237,0.0001068714709326115,1113.475010956772,25.00852560632698,-195.00005591,-195.000009618,34.99999665000001,34.9999909,-195.000016848,-194.999985204,29.99997625,29.99999187,-194.99996802,-194.99999497,39.99996913000001,40.0000143,-194.999953371,-195.000024267,29.99998113000001,30.00001628000001,-195.000026613,-194.999999853,34.99998199999999,35.00002019000001,295
20241004_152527,1,2,-5,-0.001179034630908248,0.0001123232306977724,1113.476983635381,25.03919495052874,-195.000036379,-194.999985204,35.00002105999999,35.00002508,-194.999982668,-194.999955907,30.00001043,30.00003581000001,-195.000011965,-195.000014501,40.00002284000001,40.0000143,-194.999948488,-194.999951025,30.00001043,30.00002604000002,-195.000031496,-195.000029149,34.99999665000001,35.00001043,296
20241004_152545,1,3,-5,-0.001117965005085801,6.423331773330853e-05,1113.707787032604,25.04962252757744,-194.999987551,-195.000004735,35.00003083000001,35.00003485000002,-195.000031496,-194.999999853,29.99997137,29.99993816,-194.999992433,-194.999999853,40.00005214000001,40.00002895,-195.000016848,-194.999999853,30.00000066000001,30.00003093000001,-194.99996802,-194.999990087,34.99998687999999,34.99999579000001,297
20241004_152606,1,1,-5,-0.0006649732057714879,8.594352766885285e-05,1113.524327921991,25.02960674502478,-195.000041262,-194.999985204,24.99997461999999,24.99996023,-194.999972902,-195.000024267,19.99998790000001,19.99997294000002,-195.000026613,-194.999999853,29.99999578000001,30.00004558000001,-195.000011965,-194.999970556,19.99999278000001,19.99998759000002,-195.00002173,-194.999999853,24.99998927000001,24.99999441,298
20241004_152624,1,2,-5,-0.0007925008723381256,0.0002295719471911835,1113.553918101122,25.03034926600406,-195.000031496,-194.99999497,24.99999904000001,25.00000418000002,-194.999972902,-194.999985204,20.00001718999999,19.99999248,-194.999987551,-194.999936376,29.9999909,30.00000651000002,-194.999997316,-194.999999853,19.99997813000002,19.99998271000001,-195.000046144,-194.999999853,25.00000392000001,25.00001394,299
20241004_152641,1,3,-5,-0.001021122323880719,2.45853718636119e-05,1113.715677747039,25.05837136148637,-195.00002173,-194.999980321,24.99999904000001,25.00001394,-195.000011965,-194.999975438,20.00000255,20.00000225000002,-194.999958254,-194.999985204,29.9999909,29.99998699000002,-195.000011965,-194.999999853,19.99994884,19.99994853000001,-195.00002173,-194.999970556,25.00001857000001,25.00002859,300
20241004_152702,1,1,-5,-0.0005521820798790602,0.0002023256852561593,1113.849819892434,25.020567359329,-194.999972902,-195.000063329,15.00000046,14.99995763000001,-194.999943605,-194.999985204,10.00007182000002,10.0000206,-195.000011965,-194.999985204,20.00004649000002,19.99995829000002,-195.000002199,-194.99999497,9.99996440000001,9.999976660000016,-195.000011965,-195.000019384,14.99995652000001,15.00004065000002,301
20241004_152720,1,2,-5,-0.0005519150063007103,0.0001285538828426441,1113.498683100077,24.99151219119044,-195.000026613,-195.000014501,14.99995652000001,15.00002111000001,-194.999958254,-194.999955907,9.999993700000005,10.00004502000002,-194.999958254,-194.999999853,20.00002207,20.00004130000002,-195.00002173,-195.000009618,9.999969280000016,9.99993760000001,-194.999953371,-194.99999497,14.99999069,15.00001623,302
20241004_152738,1,3,-5,-0.0003035626708910454,1.245616686770369e-05,1113.619016495211,25.01879176577845,-194.999977785,-195.000029149,14.99999069,14.99996252000003,-194.999992433,-194.999999853,9.999959509999996,9.999986419999999,-194.999948488,-194.999980321,19.99999278000001,20.00001689000001,-195.000011965,-195.000009618,10.00001322,10.00004013,-194.999924074,-194.999999853,14.99996139999999,15.00002111000001,303
20241004_152758,1,1,-5,2.762014574798877e-05,7.552664216417372e-06,1113.761049355041,25.01440120700491,-195.000007082,-195.00008286,4.999972280000009,4.999989980000009,-194.999982668,-194.999975438,-2.079999998727544e-05,9.520000020302177e-06,-194.99996802,-194.999999853,10.00001322,10.00004013,-194.999977785,-194.999980321,-3.05599999990136e-05,9.520000020302177e-06,-195.000016848,-195.000009618,4.999991810000012,4.999989980000009,304
20241004_152816,1,2,-5,5.81389029746844e-05,1.094352254834656e-05,1113.297469881984,25.03180202441013,-195.00005591,-194.999999853,4.99998205,5.000004630000007,-195.000011965,-194.999965673,-5.497999998738123e-05,-1.001999999061809e-05,-194.999958254,-194.999999853,10.00002298999999,10.00001572000002,-195.00002173,-195.000024267,-3.05599999990136e-05,2.417000001742053e-05,-195.000007082,-194.99996079,4.999967400000003,4.999970450000006,305
20241004_152834,1,3,-5,-8.704386063069662e-05,2.004488542523188e-05,1113.459229527902,25.01956657027089,-194.999977785,-194.999965673,4.999972280000009,5.000024170000017,-194.999997316,-194.999990087,-3.54499999843938e-05,1.439999999774955e-05,-195.000016848,-194.999990087,9.999974159999994,10.00000596000001,-194.999963137,-194.999990087,-3.05599999990136e-05,9.520000020302177e-06,-195.000011965,-195.000004735,4.999986930000006,4.999970450000006,306
20241004_152854,1,1,-5,0.0003027181354857456,7.175097988228279e-05,1113.510519171729,25.03996975501111,-194.99996802,-194.999985204,-5.000010830000008,-4.999983369999995,-194.999987551,-195.000019384,-10.00006083,-9.999955489999991,-195.000031496,-195.000004735,-3.05599999990136e-05,-1.001999999061809e-05,-194.999977785,-195.000034032,-10.00001688,-10.00001896999999,-194.999982668,-195.000024267,-5.000025480000005,-4.999978479999982,307
20241004_152912,1,2,-5,2.78312779051167e-05,1.738144310767976e-05,1113.441475420424,25.01643506875704,-194.999982668,-195.000038915,-4.999976650000008,-5.000085899999988,-195.000002199,-195.000014501,-10.00002665,-10.00004337999999,-194.999958254,-195.000014501,1.825999999027772e-05,1.439999999774955e-05,-195.000016848,-194.999951025,-10.00003641999999,-10.00003849999999,-195.000026613,-195.000024267,-4.999937590000002,-5.000061489999979,308
20241004_152930,1,3,-5,0.0001916324706875085,2.45269109552318e-06,1113.403994526857,25.00371536180431,-195.00005591,-194.999990087,-4.999874119999987,-4.999978479999982,-195.00002173,-195.000048681,-10.00008036,-10.00002873,-194.999977785,-194.999955907,-1.592000000982807e-05,2.417000001742053e-05,-195.000002199,-195.000014501,-10.00007547999999,-9.999989669999991,-194.99996802,-194.999970556,-5.000001069999996,-5.000012659999982,309
20241004_152950,1,1,-5,0.0008533317791250292,0.0001576049940409787,1113.386240419378,25.01620908412456,-195.000031496,-194.999843603,-14.99998932,-15.00003554999998,-194.999987551,-195.000004735,-19.99998728,-19.99996399,-194.999982668,-194.99996079,-10.00005106999998,-10.00001896999999,-195.000026613,-194.99996079,-19.99999216000001,-19.99998352,-194.999972902,-195.000029149,-14.99991119000001,-15.00003554999998,310
20241004_153008,1,2,-5,0.0006566447790893174,3.049669414916497e-05,1113.19489059433,25.02896107464928,-195.000002199,-195.000024267,-14.99988678,-14.99996231,-195.000031496,-194.999936376,-20.00000682000001,-20.00002257999998,-195.000026613,-194.999931493,-9.999933879999986,-9.999989669999991,-194.99993384,-195.000004735,-20.00003122999999,-20.00000304999998,-194.999997316,-194.999941259,-15.00004303,-15.00004042999998,311
20241004_153026,1,3,-5,0.0007132064831308352,4.305049893847468e-05,1113.93464507261,25.04865402194993,-194.999958254,-194.999907079,-14.99998932,-14.99999649,-195.000007082,-194.999975438,-20.00003611,-20.00000304999998,-195.000046144,-195.000004735,-10.00006083,-10.00001896999999,-195.00002173,-194.99996079,-19.99996286999999,-19.99994444999999,-195.000002199,-194.999975438,-15.00000885,-15.00004532,312
20241004_153046,1,1,-5,0.001107741436747952,0.0001655127957127362,1113.544054708078,25.03741935687363,-194.999982668,-195.000029149,-25.00000387,-25.00004851999998,-195.000007082,-195.000048681,-29.99999675000001,-30.00001184999999,-195.000011965,-194.999980321,-20.00003122999999,-19.99992981,-194.999987551,-194.999999853,-30.00001627,-29.99998743999998,-194.999997316,-194.999970556,-25.00001852,-24.99995086999999,313
20241004_153104,1,2,-5,0.001322169264916532,5.386800473351181e-05,1113.348759525812,25.03842014605125,-195.000031496,-194.999985204,-25.00004293000001,-25.00000946,-195.000070559,-195.000009618,-30.00004558000001,-30.00000208,-195.000031496,-194.999985204,-20.00001169999999,-19.99997863999999,-195.000007082,-194.999985204,-29.99999187,-29.99997278999999,-194.999953371,-195.000019384,-24.99997457000001,-24.99997528,314
20241004_153122,1,3,-5,0.001063699341942511,0.0002995111419542896,1112.98973201902,25.04339180818963,-195.000002199,-195.000009618,-24.99999897999999,-24.99998503999998,-194.999977785,-195.000014501,-30.00000162999999,-29.99998255999998,-195.000031496,-194.99999497,-20.00002147000001,-20.00000304999998,-194.999997316,-194.999955907,-30.00000650999999,-30.00002161999998,-195.000026613,-194.999985204,-25.00001362999998,-25.00001433999998,315
20241004_153142,1,1,-5,0.001297239222543737,0.0002472514799190781,1113.867573999913,25.02637839303882,-194.999928957,-195.000014501,-34.9999972,-35.00001372999998,-194.99996802,-194.99996079,-39.99997476999999,-40.00003128,-194.999977785,-194.999999853,-30.00004068999999,-29.99995813999999,-194.999987551,-194.999970556,-39.99998941999999,-39.9999971,-194.999977785,-195.000009618,-34.99998743999998,-34.99997467,316
20241004_153200,1,2,-5,0.001439751479235635,9.514604034121359e-05,1114.477131690016,25.00497441910939,-194.999987551,-195.000004735,-35.00000209000001,-35.00000396999999,-194.999948488,-195.000004735,-40.00004312999999,-40.00000198999999,-195.000026613,-194.999985204,-30.00006021999999,-30.00000208,-195.000016848,-194.999990087,-40.00001871999999,-39.99998732999998,-194.999997316,-195.000009618,-35.00006067999999,-35.00000885,317
20241004_153218,1,3,-5,0.001305063995665346,4.151842109276511e-05,1113.309305953637,25.06205168279985,-194.999992433,-195.000009618,-35.00005091,-35.00000396999999,-194.999963137,-194.99999497,-40.00002849000001,-40.00001175,-194.999992433,-195.000014501,-30.00004068999999,-30.00000695999998,-194.999948488,-194.999999853,-40.00002359999999,-39.99996292,-195.000016848,-194.999985204,-35.00002649999999,-34.99992583999997,318
20241004_153238,1,1,-5,0.001792648207207265,0.0001143653789294261,1113.776830783911,25.03964691982665,-194.999987551,-194.999975438,-45.00002140999999,-45.00000233999998,-194.99996802,-194.999999853,-50.00002874,-49.99990943,-195.000011965,-194.999985204,-39.99998941999999,-40.00000198999999,-194.999987551,-194.99999497,-50.00000431999999,-49.99991432999997,-194.99996802,-195.000004735,-45.00001165,-44.99994375,319
20241004_153256,1,2,-5,0.001535562235450631,0.0002010558678410898,1113.248152916766,25.02327917507485,-194.999982668,-195.000014501,-45.00001165,-44.99995350999998,-195.000016848,-195.000009618,-50.00005314999999,-49.99995832999997,-195.000026613,-194.999951025,-40.00000894999999,-39.99996292,-194.999977785,-195.000024267,-50.00005314999999,-50.00000223000001,-195.00002173,-195.000004735,-45.00001653000001,-45.00001698,320
20241004_153314,1,3,-5,0.001890697084244873,0.0001648653600772982,1113.536163993643,25.02495791812651,-194.999977785,-194.99999497,-45.00000188999999,-44.99998280999998,-195.000016848,-194.999999853,-50.00001409000001,-50.00003153,-194.999987551,-194.999970556,-40.00001384000001,-39.99999222,-195.000007082,-195.000009618,-49.99999456,-49.99999242999996,-194.999987551,-194.999999853,-45.00001653000001,-44.99998280999998,321
20241004_153335,1,1,-5,0.002246021211162632,0.0002853116416714712,1113.208699344591,25.01817837890577,-195.000016848,-195.000004735,-55.00001711000002,-55.00012022999999,-195.000011965,-195.000004735,-60.00004841000001,-59.99998412999997,-195.000002199,-194.999999853,-49.99998968,-49.99994362999996,-194.999997316,-194.99999497,-60.00003861000002,-59.99997432999999,-194.999992433,-195.000009618,-55.00000241000001,-54.99993953000001,322
20241004_153352,1,2,-5,0.001941331161002791,0.0001505486202635509,1113.27379773868,25.02518390273731,-195.000011965,-195.000034032,-54.99997800999998,-54.99997372999997,-195.000011965,-195.000004735,-60.00003371,-59.99996952999999,-194.99996802,-194.999990087,-49.99997991000001,-50.00002173000001,-195.00005591,-195.000009618,-60.00004350999998,-59.99998902999999,-194.999953371,-194.99999497,-54.99998781000002,-55.00001272999998,323
20241004_153410,1,3,-5,0.002035836940061931,0.0001089932188961896,1114.254219007228,25.03396502026877,-194.999972902,-194.999985204,-55.00000730999997,-55.00000792999998,-195.000041262,-194.999980321,-59.99999950999998,-59.99998902999999,-195.000007082,-194.99996079,-49.99999944000001,-50.00001693000002,-194.999997316,-194.999985204,-59.99999461000002,-59.99996462999997,-194.999982668,-194.99996079,-55.00003661000002,-55.00002252999997,324
20241004_153431,1,1,-5,0.002302007187233784,1.011341778666603e-05,1113.427666670162,25.03099493643117,-194.999997316,-195.000014501,-65.00004120999998,-65.00006902999996,-195.000007082,-195.000029149,-70.00001620999998,-70.00003333000001,-194.999953371,-194.999985204,-59.99995561,-60.00003292999997,-194.999997316,-194.99996079,-69.99996251000002,-69.99997962999998,-194.999963137,-194.999990087,-64.99999240999998,-65.00003972999997,325
20241004_153449,1,2,-5,0.002393818342855315,9.044936334380368e-05,1112.940415053801,25.02528075334035,-194.999948488,-194.999980321,-64.99998751000001,-65.00003972999997,-194.999972902,-195.000029149,-70.00006500999999,-70.00000403000001,-195.000016848,-194.999985204,-59.99999461000002,-59.99994502999999,-194.999953371,-195.000034032,-70.00001131000002,-69.99993562999998,-195.000011965,-195.000053564,-65.00005590999999,-65.00002502999996,326
20241004_153506,1,3,-5,0.002338774002653577,8.401809187091742e-06,1113.690032925126,25.02024452417362,-195.000011965,-195.000014501,-65.00004611,-64.99997623000002,-194.999992433,-194.999955907,-70.00002111000001,-70.00002842999999,-194.99996802,-194.999985204,-59.99996540999999,-59.99999393000002,-195.000016848,-195.000009618,-69.99995761,-69.99998453000001,-195.000026613,-194.999985204,-65.00003640999998,-64.99993723,327
20241004_153527,1,1,-5,0.002757180198664472,2.418993449799135e-05,1113.563781494166,25.0039736299716,-194.999958254,-194.999985204,-74.99997971000002,-75.00003683,-194.999992433,-195.000004735,-79.99999031000002,-79.99998842999997,-194.999977785,-194.99999497,-70.00001131000002,-69.99997472999996,-195.000002199,-194.999946142,-80.00005381000003,-79.99996403,-194.999987551,-195.000009618,-75.00001881,-74.99997823000001,328
20241004_153545,1,2,-5,0.002555811197650237,5.708695360326887e-05,1113.469092920946,25.03028469892656,-194.999987551,-195.000014501,-74.99999440999997,-74.99998803,-194.999987551,-194.999965673,-80.00000011,-79.99992003,-195.000041262,-195.000029149,-69.99999670999998,-69.99997472999996,-194.999977785,-194.999985204,-80.00000990999999,-79.99998353000001,-194.999992433,-195.000029149,-74.99999920999997,-74.99997332999999,329
20241004_153603,1,3,-5,0.002780271781189619,0.0002148916897831875,1113.593371673297,25.0620839663821,-194.999997316,-194.999990087,-75.00001390999998,-74.99997332999999,-194.999928957,-195.000024267,-80.00004891,-80.00006652999997,-194.99996802,-194.99999497,-70.00000161,-69.99992592999996,-195.000007082,-194.999990087,-80.00000990999999,-79.99990543000001,-195.000007082,-194.999999853,-75.00002361,-75.00000262999998,330
